,,,,,ASD_6p_Dollar,ASD_6p_Dollar,ASD_6p_Cents,ASD_6p_Cents,ASD_6p_def_Dollar,ASD_6p_def_Dollar,ASD_6p_def_Cents,ASD_6p_def_Cents,ASD_3p_Dollar,ASD_3p_Dollar,ASD_3p_Cents,ASD_3p_Cents
,,,,,sum,count,sum,count,sum,count,sum,count,sum,count,sum,count
delegate name,First Name,Last Name,delegate_state,sign,,,,,,,,,,,,
Samuel Adams,Samuel,Adams,MA,yes,0.0,0,0.0,0,231.0,1,26.0,1,0.0,0,0.0,0
Matthew Adgate,Matthew,Adgate,NY,no,129.0,1,39.0,1,64.0,1,69.0,1,0.0,0,0.0,0
Thomas Allen,Thomas,Allen,VA,no,12.0,1,64.0,1,6.0,1,32.0,1,9.0,1,47.0,1
John  Allen,John ,Allen,VA,yes,26.0,1,42.0,1,13.0,1,20.0,1,19.0,1,81.0,1
John Allen,John,Allen,NC,yes,26.0,1,42.0,1,13.0,1,20.0,1,19.0,1,81.0,1
Robert Andrews,Robert,Andrews,VA,yes,74439.0,36,1719.0,27,35124.0,36,2364.0,36,52716.0,36,540.0,36
John Ashley,John,Ashley,MA,yes,5581.0,8,392.0,8,18192.0,8,199.0,8,6367.0,8,234.0,8
Joseph Badger,Joseph,Badger,NH,no,239.0,1,35.0,1,119.0,1,67.0,1,179.5125,1,0.0,0
Abraham Baldwin,Abraham,Baldwin,Constitution,yes,1401.0,1,70.0,1,700.0,1,85.0,1,1051.0,1,28.0,1
Thomas Banks,Thomas,Banks,NC,yes,461.0,1,81.0,1,230.0,1,91.0,1,346.0,1,36.0,1
Robert Barnwell,Robert,Barnwell,SC,yes,152.0,1,0.3733333333333064,1,76.0,1,0.1866666666666532,1,114.0,1,0.2799999999999869,1
Andrew Baskins,Andrew,Baskins,SC,no,86.0,1,0.01999999999999602,1,43.0,1,0.0,1,64.0,1,0.5,1
John Blair,John,Blair,NC,yes,20340.0,8,404.0,8,10168.0,8,404.0,8,15256.0,8,204.0,8
John Blair,John,Blair,Constitution,yes,20340.0,8,404.0,8,10168.0,8,404.0,8,15256.0,8,204.0,8
"John Blair, Jun.",John,"Blair, Jun.",VA,yes,20340.0,8,404.0,8,10168.0,8,404.0,8,15256.0,8,204.0,8
Edward Blake,Edward,Blake,SC,yes,6580.0,3,2.2200000000002547,3,3289.0,3,2.1000000000001364,3,4935.0,3,1.6300000000002228,3
John Blake,John,Blake,SC,yes,1027.0,1,0.9200000000000728,1,513.0,1,0.9600000000000364,1,770.0,1,0.92999999999995,1
William Blount,William,Blount,Constitution,yes,61.0,1,492.66,1,61.0,1,246.32,1,61.0,1,369.49,1
William Blount,William,Blount,NC,yes,61.0,1,492.66,1,61.0,1,246.32,1,61.0,1,369.49,1
John Bowie,John,Bowie,SC,no,2691.0,1,0.6799999999998363,1,1345.0,1,0.8399999999999181,1,2018.0,1,0.75,1
Hezekiah Brainard,Hezekiah,Brainard,CT,yes,694.0,1,73.0,1,347.0,1,36.0,1,521.0,1,6.0,1
David Brown,David,Brown,MA,no,278.0,2,155.0,2,138.0,2,177.0,2,208.0,2,165.0,2
John Brown,John,Brown,NC,no,28862.0,15,3008.6200000000003,15,4859.0,12,1465.29,12,22845.0,15,2526.9300000000003,15
William Brown,William,Brown,NC,yes,3444.0,1,35.0,1,1722.0,1,18.0,1,2583.0,1,27.0,1
William Brown,William,Brown,PA,no,3444.0,1,35.0,1,1722.0,1,18.0,1,2583.0,1,27.0,1
John H. Bryan,John H.,Bryan,NC,yes,431.0,1,86.0,1,215.0,1,93.0,1,323.0,1,89.0,1
Thaddeus Burr,Thaddeus,Burr,CT,yes,1713.0,1,70.0,1,856.0,1,85.0,1,1285.0,1,29.0,1
Nathaniel Burwell,Nathaniel,Burwell,VA,yes,144.0,1,94.0,1,72.0,1,47.0,1,108.0,1,71.0,1
James Campbell,James,Campbell,PA,did not vote,209.0,1,62.0,1,104.0,1,81.0,1,157.0,1,22.0,1
John A. Campbell,John A.,Campbell,NC,no,62.0,1,132.26,1,62.0,1,66.12,1,62.0,1,99.19,1
Paul Carrington,Paul,Carrington,VA,yes,420.0,1,61.0,1,210.0,1,31.0,1,315.0,1,46.0,1
Nicholas Carroll,Nicholas,Carroll,MD,yes,685.0,1,96.0,1,342.0,1,98.0,1,514.0,1,48.0,1
Samuel Carver,Samuel,Carver,CT,yes,18.0,1,89.0,1,9.0,1,45.0,1,14.0,1,17.0,1
John Chesnut,John,Chesnut,SC,yes,3302.0,1,0.13999999999987267,1,1651.0,1,0.05999999999994543,1,2476.0,1,0.5900000000001455,1
Jonathan Clark,Jonathan,Clark,SC,yes,14724.0,27,972.0,27,7362.0,27,495.0,27,11043.0,27,747.0,27
Moses Cleveland,Moses,Cleveland,CT,yes,0.0,0,0.0,0,456.0,1,8.0,1,684.0,1,11.0,1
James Clinton,James,Clinton,NY,no,631.0,1,11.0,1,315.0,1,56.0,1,473.0,1,33.0,1
George Clinton,George,Clinton,NY,did not vote,0.0,0,0.0,0,0.0,0,0.0,0,810.0,1,51.0,1
Wheeler Coit,Wheeler,Coit,CT,yes,542.0,1,63.0,1,271.0,1,32.0,1,406.0,1,97.0,1
John Collins,John,Collins,SC,yes,0.0,0,0.0,0,93.0,1,40.0,1,140.0,1,7.0,1
David Crane ,David,Crane ,NJ,yes,0.0,0,0.0,0,31.0,1,36.0,1,47.0,1,4.0,1
William Cushing,William,Cushing,MA,yes,257.0,1,34.0,1,128.0,1,67.0,1,193.0,1,0.0,0
William Darke,William,Darke,VA,yes,1924.0,1,14.0,1,962.0,1,7.0,1,1443.0,1,11.0,1
Edward Darrell,Edward,Darrell,SC,yes,11249.0,1,0.31999999999970896,1,5624.0,1,0.6599999999998545,1,8437.0,1,0.010000000000218279,1
James Davenport,James,Davenport,CT,yes,220559.0,100,4140.0,100,123968.0,100,2704.0,100,185932.0,100,5424.0,100
"John Davenport, Jun.",John,"Davenport, Jun.",CT,yes,513126.0,315,18843.0,315,231522.0,315,16293.0,315,347397.0,315,13030.0,315
William Richardson Davie,William Richardson,Davie,NC,yes,1384.0,8,416.0,8,692.0,8,208.0,8,1036.0,8,508.0,8
William R. Davie,William R.,Davie,Constitution,no,27594.0,9,444.0,9,13794.0,9,525.0,9,0.0,0,0.0,0
Thomas Dawes,Thomas,Dawes,MA,yes,273.0,1,57.0,1,136.0,1,78.0,1,0.0,0,0.0,0
John Dawson,John,Dawson,SC,yes,5970.0,2,0.7100000000002638,2,2984.0,2,1.3399999999999181,2,4477.0,2,1.009999999999991,2
John Dawson,John,Dawson,VA,no,5970.0,2,0.7100000000002638,2,2984.0,2,1.3399999999999181,2,4477.0,2,1.009999999999991,2
Jonathan Dayton,Jonathan,Dayton,Constitution,yes,0.0,0,0.0,0,1592.0,2,180.0,2,11521.0,2,44.0,2
"William Deakins, Jun.",William,"Deakins, Jun.",MD,yes,3657.0,5,243.0,5,1826.0,5,371.0,5,1005.0,5,176.0,5
John Dickinson,John,Dickinson,Constitution,yes,3857.0,3,54.0,2,4839.0,3,195.0,3,7260.0,3,141.0,3
Thomas Durfee,Thomas,Durfee,MA,yes,68.0,1,22.0,1,34.0,1,10.0,1,51.0,1,15.0,1
Brown Elisha,Brown,Elisha,RI,no,520.0,8,312.0,8,256.0,8,548.0,8,388.0,8,424.0,8
William Elliot,William,Elliot,SC,yes,1834.0,1,0.19000000000005457,1,917.0,1,0.09000000000003183,1,1375.0,1,0.6300000000001091,1
Oliver Ellsworth,Oliver,Ellsworth,Constitution,no,2660.0,1,98.0,1,1330.0,1,50.0,1,1995.0,1,75.0,1
Oliver Ellsworth,Oliver,Ellsworth,CT,yes,2660.0,1,98.0,1,1330.0,1,50.0,1,1995.0,1,75.0,1
John Fell,John,Fell,NJ,yes,0.0,0,0.0,0,83.0,1,68.0,1,125.0,1,51.0,1
Jabez Fitch,Jabez,Fitch,CT,yes,445.0,1,44.0,1,222.0,1,73.0,1,334.0,1,8.0,1
Thomas Fitzsimons,Thomas,Fitzsimons,Constitution,yes,1010.0,1,0.9333333333332803,1,505.0,1,0.46666666666664014,1,758.0,1,0.1999999999999318,1
Jeremiah Fogg,Jeremiah,Fogg,NH,yes,321.0,1,48.0,1,160.0,1,74.0,1,241.11,1,0.0,0
Daniel Foot,Daniel,Foot,CT,yes,113.0,1,30.0,1,56.0,1,65.0,1,84.0,1,97.0,1
John Fowler,John,Fowler,VA,no,750.0,1,68.0,1,0.0,0,0.0,0,563.0,1,1.0,1
George Gale,George,Gale,MD,yes,1894.0,1,21.0,1,947.0,1,11.0,1,1420.0,1,66.0,1
John Gale,John,Gale,MD,yes,0.0,0,0.0,0,0.0,0,0.0,0,922.0,1,0.0,1
John Taylor Gilman,John Taylor,Gilman,NH,yes,8318.0,2,83.0,2,4159.0,2,31.0,2,6238.0,2,112.0,2
Nicholas Gilman,Nicholas,Gilman,Constitution,yes,455.0,1,53.0,1,227.0,1,76.0,1,341.6475,1,0.0,0
James Gordon,James,Gordon,VA,yes,720.0,2,0.8899999999999864,2,360.0,2,0.4399999999999977,2,540.0,2,0.6599999999999682,2
George Gray,George,Gray,PA,yes,99085.0,37,3331.13,25,49561.0,37,2865.56,37,63673.0,37,2390.34,37
Nathan Hale,Nathan,Hale,CT,yes,255.0,1,11.0,1,127.0,1,55.0,1,191.0,1,33.0,1
Daniel Hall,Daniel,Hall,CT,no,2883.0,3,1.2599999999998488,3,1441.0,3,1.7300000000000466,3,2162.0,3,1.1699999999999307,3
Benjamin Hall,Benjamin,Hall,MD,yes,405.0,1,2.0,1,202.0,1,50.0,1,303.0,1,76.0,1
Asaph Hall,Asaph,Hall,CT,yes,79.0,1,38.0,1,39.0,1,69.0,1,59.0,1,54.0,1
John Hampton,John,Hampton,SC,no,16.0,1,51.0,1,8.0,1,25.0,1,12.0,1,38.0,1
Isaac Harleston,Isaac,Harleston,SC,yes,2987.0,1,0.8699999999998909,1,1493.0,1,0.9300000000000637,1,2240.0,1,0.900000000000091,1
Benjamin Harrison,Benjamin,Harrison,MD,no,55224.0,27,1152.0,27,27603.0,27,1494.0,27,41409.0,27,1764.0,27
Benjamin Harrison V,Benjamin,Harrison V,VA,no,55224.0,27,1152.0,27,27603.0,27,1494.0,27,41409.0,27,1764.0,27
William Hart,William,Hart,CT,yes,12572.0,9,568.0,9,6286.0,9,286.0,9,9431.0,9,238.0,9
Samuel Hay,Samuel,Hay,NJ,yes,0.0,0,0.0,0,338.0,1,38.0,1,507.0,1,58.0,1
James Gordon Heron,James Gordon,Heron,MD,yes,720.0,2,0.8899999999999864,2,360.0,2,0.4399999999999977,2,540.0,2,0.6599999999999682,2
Benjamin Hicks,Benjamin,Hicks,SC,yes,5104.0,8,112.0,8,2552.0,8,64.0,8,3824.0,8,484.0,8
Caleb Holt,Caleb,Holt,CT,yes,142.0,1,46.0,1,71.0,1,23.0,1,106.0,1,85.0,1
Thomas Horry,Thomas,Horry,SC,yes,1090.0,2,0.7199999999999989,2,544.0,2,1.3500000000000085,2,817.0,2,1.0200000000000102,2
William C. Houston,William C.,Houston,Constitution,no,672.0,4,336.0,4,312.0,4,204.0,4,468.0,4,306.0,4
William Houston,William,Houston,NC,yes,672.0,4,336.0,4,312.0,4,204.0,4,468.0,4,306.0,4
William Houstoun,William,Houstoun,Constitution,no,672.0,4,336.0,4,312.0,4,204.0,4,468.0,4,306.0,4
John Hunt,John,Hunt,NC,yes,2259.0,2,110.0,2,13.0,1,62.0,1,20.0,1,43.0,1
John Huske,John,Huske,NC,no,61.0,1,760.78,1,61.0,1,380.39,1,61.0,1,570.58,1
John Ingram,John,Ingram,DE,yes,62.0,1,22.61,1,62.0,1,11.3,1,62.0,1,16.95,1
John Ingram,John,Ingram,NC,yes,62.0,1,22.61,1,62.0,1,11.3,1,62.0,1,16.95,1
Ralph Izard,Ralph,Izard,SC,yes,8588.0,2,0.7644444444440524,2,4294.0,2,0.562222222222033,2,6441.0,2,0.5633333333330484,2
Bowen Jabez,Bowen,Jabez,RI,yes,331.0,1,47.0,1,165.0,1,73.0,1,248.0,1,60.0,1
David Jameson,David,Jameson,NC,yes,11172.0,9,573.0,9,5583.0,9,594.0,9,477.0,9,630.0,9
John Jay,John,Jay,NY,yes,3517.0,1,14.0,1,1758.0,1,57.0,1,2637.0,1,85.0,1
Williams John,Williams,John,RI,no,2418.0,12,414.0,12,1361.0,13,566.0,13,2053.0,13,570.0,13
Brown John,Brown,John,RI,yes,28862.0,15,3008.6200000000003,15,4859.0,12,1465.29,12,22845.0,15,2526.9300000000003,15
Clark John I,Clark,John I,RI,yes,238.0,1,75.0,1,119.0,1,37.0,1,179.0,1,5.0,1
William Johnson,William,Johnson,SC,yes,1205.0,1,0.43000000000006366,1,602.0,1,0.7100000000000364,1,904.0,1,0.07000000000005002,1
William Johnson,William,Johnson,NC,yes,1205.0,1,0.43000000000006366,1,602.0,1,0.7100000000000364,1,904.0,1,0.07000000000005002,1
William Samuel Johnson,William Samuel,Johnson,Constitution,yes,1205.0,1,0.43000000000006366,1,602.0,1,0.7100000000000364,1,904.0,1,0.07000000000005002,1
William Samuel Johnson,William Samuel,Johnson,CT,yes,1205.0,1,0.43000000000006366,1,602.0,1,0.7100000000000364,1,904.0,1,0.07000000000005002,1
John Johnston,John,Johnston,NC,yes,0.0,0,0.0,0,301.0,1,46.0,1,450.0,1,68.0,1
William Johnston,William,Johnston,NC,yes,1205.0,1,0.43000000000006366,1,602.0,1,0.7100000000000364,1,904.0,1,0.07000000000005002,1
Thomas Jones,Thomas,Jones,MA,yes,5098.0,3,2.349999999999909,3,2548.0,3,2.159999999999968,3,3824.0,3,1.2500000000001137,3
John Coffin Jones,John Coffin,Jones,MA,yes,0.0,0,0.0,0,33.0,1,37.0,1,50.0,1,5.0,1
Samuel Jones,Samuel,Jones,NY,yes,0.0,0,0.0,0,92.0,1,1.0,1,138.0,1,2.0,1
Thomas Jones,Thomas,Jones,SC,yes,5098.0,3,2.349999999999909,3,2548.0,3,2.159999999999968,3,3824.0,3,1.2500000000001137,3
John Jones,John,Jones,VA,no,61.0,1,4037.67,1,61.0,1,2018.83,1,61.0,1,3028.25,1
John Jones,John,Jones,DE,yes,61.0,1,4037.67,1,61.0,1,2018.83,1,61.0,1,3028.25,1
Joseph Jones,Joseph,Jones,VA,no,17.0,1,9.0,1,8.0,1,54.0,1,12.0,1,81.0,1
John Kean,John,Kean,SC,yes,1044.0,1,0.1999999999998181,1,522.0,1,0.09999999999990905,1,783.0,1,0.14999999999986358,1
William Kennedy,William,Kennedy,SC,no,0.0,0,0.0,0,85.0,1,55.0,1,0.0,0,0.0,0
Rufus King,Rufus,King,MA,yes,3276.0,4,0.0,2,2712.0,4,200.0,4,2876.0,4,268.0,4
Rufus King,Rufus,King,Constitution,yes,3276.0,4,0.0,2,2712.0,4,200.0,4,2876.0,4,268.0,4
James Knox,James,Knox,SC,no,251.0,1,58.0,1,125.0,1,79.0,1,188.0,1,68.0,1
John Langdon,John,Langdon,Constitution,yes,12641.0,28,925.0,28,6311.0,28,1422.0,28,9487.25,28,45.0,1
John Langdon,John,Langdon,NH,yes,12641.0,28,925.0,28,6311.0,28,1422.0,28,9487.25,28,45.0,1
Henry Laurens,Henry,Laurens,SC,yes,35457.0,4,0.720000000001022,4,17728.0,4,0.8400000000001882,4,26591.0,4,2.249999999999602,4
Richard Law,Richard,Law,CT,yes,67.0,1,87.0,1,33.0,1,94.0,1,50.0,1,91.0,1
Henry Lee,Henry,Lee,VA,no,197.0,1,40.0,1,0.0,0,0.0,0,0.0,0,0.0,0
Thomas Sim Lee,Thomas Sim,Lee,MD,yes,948.0,2,51.0,2,473.0,2,125.0,2,711.0,2,38.0,2
Henry Lee III,Henry,Lee III,VA,yes,197.0,1,40.0,1,0.0,0,0.0,0,0.0,0,0.0,0
Joseph Leech,Joseph,Leech,NC,yes,85.0,1,6.0,1,42.0,1,53.0,1,63.0,1,80.0,1
Nathaniel Leonard,Nathaniel,Leonard,MA,yes,0.0,0,0.0,0,964.0,1,66.0,1,1446.0,1,97.0,1
Warner Lewis,Warner,Lewis,VA,yes,2068.0,1,17.0,1,1034.0,1,9.0,1,1551.0,1,14.0,1
Edward Lightwood,Edward,Lightwood,SC,yes,790.0,1,0.01999999999998181,1,395.0,1,0.0,1,592.0,1,0.5099999999999909,1
John Carter Littlepage,John Carter,Littlepage,VA,no,6.0,1,86.0,1,3.0,1,43.0,1,5.0,1,14.0,1
Robert R. Livingston,Robert R.,Livingston,NY,yes,586.0,2,76.0,2,0.0,0,0.0,0,3910.0,2,60.0,2
Philip Livingston,Philip,Livingston,NY,yes,213784.0,8,128.0,8,35292.0,8,64.0,8,50336.0,8,296.0,8
John Lloyd,John,Lloyd,SC,yes,1750.0,1,0.7300000000000182,1,875.0,1,0.36000000000001364,1,1313.0,1,0.03999999999996362,1
Nicholas Low,Nicholas,Low,NY,yes,3924975.0,842,62161.62666666666,842,2914963.0,842,36121.31333333333,842,3790171.0,842,37941.47,842
John Low,John,Low,MA,yes,1509.0,2,130.0,2,754.0,2,114.0,2,1131.0,2,170.0,2
Gabriel Manigault,Gabriel,Manigault,SC,yes,16271.0,1,0.5,1,26959.0,9,688.7399999999998,9,36609.0,9,124.6200000000008,9
John Marshall,John,Marshall,VA,yes,3174.0,1,33.0,1,1587.0,1,16.0,1,2380.0,1,75.0,1
James Martin,James,Martin,SC,no,6275.0,2,36.0,2,0.0,0,0.0,0,0.0,0,0.0,0
James Martin,James,Martin,MD,yes,6275.0,2,36.0,2,0.0,0,0.0,0,0.0,0,0.0,0
Joseph Martin,Joseph,Martin,NC,yes,920.0,1,18.0,1,460.0,1,9.0,1,690.0,1,13.0,1
James Martin,James,Martin,PA,no,6275.0,2,36.0,2,0.0,0,0.0,0,0.0,0,0.0,0
William Mason,William,Mason,VA,yes,2440.0,8,616.0,8,1220.0,8,712.0,8,1836.0,8,468.0,8
George Matthews,George,Matthews,GA,yes,5189.0,1,27.0,1,2594.0,1,64.0,1,3891.0,1,96.0,1
James Maxwell,James,Maxwell,GA,yes,1783.0,1,99.0,1,891.0,1,99.0,1,1337.0,1,99.0,1
James McClurg,James,McClurg,Constitution,no,11919.0,1,78.0,1,5959.0,1,89.0,1,8939.0,1,84.0,1
John McPherson,John,McPherson,SC,yes,109.0,2,94.22,2,54.0,2,48.6,2,81.0,2,71.9,2
John F. Mercer,John F.,Mercer,Constitution,no,0.0,0,0.0,0,0.0,0,0.0,0,6144.0,1,68.0,1
Elisha Mills,Elisha,Mills,CT,yes,32016.0,64,5392.0,64,16000.0,64,3520.0,64,24016.0,64,3664.0,64
William Moore,William,Moore,DE,yes,2726.0,1,99.0,1,1363.0,1,50.0,1,2045.0,1,93.0,1
William Morris,William,Morris,MD,yes,2165.0,1,27.0,1,1082.0,1,64.0,1,1623.0,1,96.0,1
Lewis Morris,Lewis,Morris,NY,yes,4121.0,1,0.6700000000000728,1,2060.0,1,0.8299999999999272,1,3091.0,1,0.23999999999978172,1
Lewis Morris,Lewis,Morris,SC,yes,4121.0,1,0.6700000000000728,1,2060.0,1,0.8299999999999272,1,3091.0,1,0.23999999999978172,1
Robert Morris,Robert,Morris,Constitution,yes,1767.0,1,0.8755555555553656,1,883.0,1,0.9377777777776828,1,1325.0,1,0.9066666666665242,1
Joseph Mosely,Joseph,Mosely,CT,yes,448.0,1,17.0,1,224.0,1,9.0,1,336.0,1,12.0,1
Isaac Motte,Isaac,Motte,SC,yes,6492.0,2,0.8600000000000136,2,3245.0,2,1.4199999999997885,2,4869.0,2,0.6399999999998727,2
John Nevill,John,Nevill,PA,yes,1945.0,1,73.0,1,972.0,1,86.0,1,1459.0,1,29.0,1
Roger Newberry,Roger,Newberry,CT,yes,175.0,1,82.0,1,87.0,1,91.0,1,131.0,1,87.0,1
William Noyes,William,Noyes,CT,yes,31200.0,48,2808.0,48,15576.0,48,3828.0,48,29552.0,48,2208.0,48
Isaac Parker,Isaac,Parker,SC,yes,145.0,1,0.6899999999999977,1,72.0,1,0.8400000000000034,1,109.0,1,0.2600000000000051,1
John Parker,John,Parker,SC,yes,3344.0,11,57.63777777777773,11,2299.0,11,237.30888888888887,11,9209.5675,11,292.96333333333314,10
Samuel H. Parsons,Samuel H.,Parsons,CT,yes,1903.0,1,0.8800000000001091,1,951.0,1,0.9400000000000546,1,1427.0,1,0.900000000000091,1
William Paterson,William,Paterson,Constitution,yes,10216.0,1,84.0,1,5108.0,1,42.0,1,7662.0,1,64.0,1
Robert Patton,Robert,Patton,SC,no,13113.0,27,1026.0,27,6552.0,27,963.0,27,9828.0,27,1440.0,27
William Peachy,William,Peachy,VA,yes,47.0,1,11.0,1,23.0,1,56.0,1,35.0,1,33.0,1
Thomas H. Perkins,Thomas H.,Perkins,NC,no,62.0,1,11.63,1,62.0,1,5.81,1,62.0,1,8.72,1
William Phillips,William,Phillips,MA,yes,176.0,1,61.0,1,88.0,1,30.0,1,132.0,1,45.0,1
Thomas Pierce,Thomas,Pierce,VA,did not vote,592.0,1,2.0,1,296.0,1,1.0,1,444.0,1,2.0,1
Charles Pinckney,Charles,Pinckney,Constitution,yes,4829.0,1,0.02999999999974534,1,2414.0,1,0.5100000000002183,1,3621.0,1,0.7600000000002183,1
Charles Pinckney,Charles,Pinckney,SC,yes,4829.0,1,0.02999999999974534,1,2414.0,1,0.5100000000002183,1,3621.0,1,0.7600000000002183,1
George Plater,George,Plater,MD,yes,127.0,1,86.0,1,0.0,0,0.0,0,95.0,1,91.0,1
Levin Powell,Levin,Powell,VA,yes,599.0,1,17.0,1,0.0,0,0.0,0,449.0,1,38.0,1
John Ramsay,John,Ramsay,NC,yes,31.0,1,93.0,1,15.0,1,96.0,1,23.0,1,94.0,1
David Ramsay,David,Ramsay,SC,yes,2046.0,1,0.8399999999999181,1,1023.0,1,0.4199999999999591,1,1535.0,1,0.13000000000010914,1
Edmund Randolph,Edmund,Randolph,VA,yes,6517.0,1,51.0,1,3258.0,1,76.0,1,4888.0,1,14.0,1
John Richards,John,Richards,PA,yes,0.0,0,0.0,0,144.0,2,182.0,2,3639.0,2,91.0,2
Samuel  Richardson,Samuel ,Richardson,VA,no,216.0,1,48.0,1,108.0,1,24.0,1,162.0,1,35.0,1
William Richardson,William,Richardson,MD,yes,1384.0,8,416.0,8,692.0,8,208.0,8,1036.0,8,508.0,8
Jeremiah Ripley,Jeremiah,Ripley,CT,yes,1831.0,1,86.0,1,915.0,1,94.0,1,1373.0,1,90.0,1
Alexander Robertson,Alexander,Robertson,VA,no,4774.0,1,27.0,1,529.0,1,82.0,1,794.0,1,74.0,1
William Robinson,William,Robinson,NC,no,1105.0,2,165.0,2,552.0,2,133.0,2,829.0,2,99.0,2
William Robison,William,Robison,SC,yes,1105.0,2,165.0,2,552.0,2,133.0,2,829.0,2,99.0,2
Ephraim Root,Ephraim,Root,CT,yes,722.0,2,104.0,2,641.0,2,130.0,2,542.0,2,30.0,2
Nathaniel Russell,Nathaniel,Russell,SC,yes,17584.0,1,0.8100000000013097,1,8792.0,1,0.3999999999996362,1,13188.0,1,0.6000000000003638,1
John Rutledge,John,Rutledge,SC,yes,579.0,1,0.2799999999999727,1,289.0,1,0.6299999999999955,1,434.0,1,0.44999999999998863,1
John Rutledge,John,Rutledge,Constitution,yes,579.0,1,0.2799999999999727,1,289.0,1,0.6299999999999955,1,434.0,1,0.44999999999998863,1
Edward Rutledge,Edward,Rutledge,SC,yes,591.0,1,0.67999999999995,1,295.0,1,0.839999999999975,1,443.0,1,0.7599999999999909,1
Hugh Rutledge,Hugh,Rutledge,SC,yes,180.0,1,0.5600000000000023,1,90.0,1,0.269999999999996,1,135.0,1,0.4099999999999966,1
William Scott,William,Scott,SC,yes,3790.0,1,0.40000000000009095,1,1895.0,1,0.19000000000005457,1,2842.0,1,0.7899999999999636,1
John Scott,John,Scott,NC,no,97.0,1,74.0,1,48.0,1,87.0,1,73.0,1,30.0,1
Thomas Screven,Thomas,Screven,SC,yes,662.0,2,1.0400000000000205,2,331.0,2,0.5000000000000142,2,497.0,2,0.2599999999999909,2
Roger Sherman,Roger,Sherman,CT,yes,3435.0,1,91.0,1,1717.0,1,96.0,1,0.0,0,0.0,0
Roger Sherman,Roger,Sherman,Constitution,yes,3435.0,1,91.0,1,1717.0,1,96.0,1,0.0,0,0.0,0
Charles Simms,Charles,Simms,VA,yes,855.0,1,73.0,1,427.0,1,87.0,1,641.0,1,79.0,1
Samuel Smith,Samuel,Smith,SC,yes,16704.0,16,1049.1000000000001,16,9270.0,16,801.5300000000001,16,12544.0,16,644.2900000000001,16
Simeon Smith,Simeon,Smith,CT,yes,906.0,1,45.0,1,453.0,1,22.0,1,679.0,1,84.0,1
Thomas Smith,Thomas,Smith,MA,no,512.0,2,0.46999999999997044,2,255.0,2,1.2299999999999898,2,384.0,2,0.339999999999975,2
Thomas Smith,Thomas,Smith,VA,yes,512.0,2,0.46999999999997044,2,255.0,2,1.2299999999999898,2,384.0,2,0.339999999999975,2
David Smith,David,Smith,CT,yes,0.0,0,0.0,0,686.0,1,4.0,1,1029.0,1,6.0,1
William Smith,William,Smith,SC,yes,183734.0,62,40575.12222222223,53,53553.0,62,21724.061111111114,56,80255.0,62,31745.586666666666,62
Samuel Smith,Samuel,Smith,NC,yes,16704.0,16,1049.1000000000001,16,9270.0,16,801.5300000000001,16,12544.0,16,644.2900000000001,16
Stephen Smith,Stephen,Smith,SC,yes,69.0,1,59.0,1,34.0,1,80.0,1,52.0,1,19.0,1
Peter Smith,Peter,Smith,SC,yes,454.0,1,0.7300000000000182,1,227.0,1,0.36000000000001364,1,341.0,1,0.39999999999997726,1
Josiah Smith,Josiah,Smith,SC,yes,28268.0,8,3.9700000000003683,8,14133.0,8,2.9500000000001023,8,21201.0,8,2.9200000000009823,8
Jonathan Smith,Jonathan,Smith,MA,no,44.0,1,74.0,1,22.0,1,37.0,1,33.0,1,55.0,1
Josiah Smith,Josiah,Smith,MA,yes,28268.0,8,3.9700000000003683,8,14133.0,8,2.9500000000001023,8,21201.0,8,2.9200000000009823,8
Jonathan Smith,Jonathan,Smith,NH,no,44.0,1,74.0,1,22.0,1,37.0,1,33.0,1,55.0,1
Melancton Smith,Melancton,Smith,NY,yes,683.0,1,39.0,1,341.0,1,69.0,1,0.0,0,0.0,0
Jonathan Smith,Jonathan,Smith,NH,did not vote,44.0,1,74.0,1,22.0,1,37.0,1,33.0,1,55.0,1
John K. Smith,John K.,Smith,MA,yes,2394.0,3,969.4200000000001,3,1258.0,3,534.21,3,1826.0,3,751.31,3
Richard Smith,Richard,Smith,DE,yes,3105.0,1,88.0,1,1552.0,1,94.0,1,2329.0,1,41.0,1
John Smith,John,Smith,NY,yes,2394.0,3,969.4200000000001,3,1258.0,3,534.21,3,1826.0,3,751.31,3
John Steele,John,Steele,NC,yes,2259.0,3,134.0,3,1129.0,3,118.0,3,1000.0,3,165.0,3
John Steele,John,Steele,VA,no,2259.0,3,134.0,3,1129.0,3,118.0,3,1000.0,3,165.0,3
John Stevens,John,Stevens,NJ,yes,0.0,0,0.0,0,2732.0,2,100.0,2,5008.0,2,141.0,2
John Stevens,John,Stevens,MD,yes,0.0,0,0.0,0,2732.0,2,100.0,2,5008.0,2,141.0,2
John Stringer,John,Stringer,VA,yes,331.0,1,74.0,1,165.0,1,88.0,1,248.0,1,81.0,1
David Stuart,David,Stuart,VA,yes,3873.0,1,82.0,1,1936.0,1,92.0,1,2905.0,1,38.0,1
John Stuart,John,Stuart,VA,yes,1603.0,1,83.0,1,801.0,1,91.0,1,1202.0,1,87.0,1
Jonathan Sturges,Jonathan,Sturges,CT,yes,84.0,1,67.0,1,42.0,1,34.0,1,63.0,1,51.0,1
Jacobus Swartwout,Jacobus,Swartwout,NY,no,0.0,0,0.0,0,324.0,1,11.0,1,0.0,0,0.0,0
James Taylor,James,Taylor,VA,yes,2202.0,4,210.0,4,1100.0,4,206.0,4,1440.0,4,160.0,4
John Taylor,John,Taylor,MA,no,8318.0,2,83.0,2,4159.0,2,31.0,2,6238.0,2,112.0,2
Benjamin Temple,Benjamin,Temple,VA,no,3705.0,1,42.0,1,1852.0,1,71.0,1,2779.0,1,7.0,1
James Thomas,James,Thomas,RI,no,0.0,0,0.0,0,356.0,1,95.0,1,0.0,0,0.0,0
John Thomas,John,Thomas,SC,yes,0.0,0,0.0,0,0.0,0,0.0,0,535.0,1,43.0,1
Allen Thomas,Allen,Thomas,RI,yes,12.0,1,64.0,1,6.0,1,32.0,1,9.0,1,47.0,1
James Thompson,James,Thompson,NC,no,788.0,8,200.0,8,392.0,8,300.0,8,588.0,8,444.0,8
William Thompson,William,Thompson,MA,no,1452.0,3,267.0,3,726.0,3,135.0,3,750.0,2,71.0,2
William Thompson,William,Thompson,SC,yes,1452.0,3,267.0,3,726.0,3,135.0,3,750.0,2,71.0,2
John Thompson,John,Thompson,NC,yes,55.0,1,97.0,1,27.0,1,99.0,1,732.9775,2,12.0,1
William Thornton,William,Thornton,VA,yes,878.0,4,250.0,4,564.0,4,368.0,4,658.0,4,234.0,4
Anthony Toomer,Anthony,Toomer,SC,yes,241.0,1,0.5,1,120.0,1,0.7399999999999949,1,181.0,1,0.11000000000001364,1
John Treadwell,John,Treadwell,CT,yes,774.0,1,83.0,1,387.0,1,42.0,1,581.0,1,13.0,1
Alexander Tweed,Alexander,Tweed,SC,yes,146.0,1,0.1599999999999966,1,73.0,1,0.06999999999999318,1,109.0,1,0.6099999999999994,1
"John Tyler, Sr.",John,"Tyler, Sr.",VA,no,5604.0,8,376.0,8,2800.0,8,392.0,8,4204.0,8,188.0,8
Arnoldus Vanderhorst,Arnoldus,Vanderhorst,SC,yes,13112.0,1,0.5,1,6556.0,1,0.23999999999978172,1,9834.0,1,0.37000000000080036,1
Jeremiah Wadsworth,Jeremiah,Wadsworth,CT,yes,7856.0,1,13.0,1,3928.0,1,7.0,1,5892.0,1,10.0,1
John Wallace,John,Wallace,NC,yes,556.0,1,6.0,1,278.0,1,3.0,1,0.0,0,0.0,0
Ichabod Warner,Ichabod,Warner,CT,yes,1048.0,8,128.0,8,520.0,8,464.0,8,780.0,8,700.0,8
Samuel Warren,Samuel,Warren,SC,yes,1420.0,1,0.6600000000000819,1,710.0,1,0.3300000000000409,1,1065.0,1,0.4900000000000091,1
George Washington,George,Washington,Constitution,yes,247.0,1,98.0,1,123.0,1,99.0,1,185.0,1,98.0,1
John Watson,John,Watson,CT,yes,601.0,1,0.0,0,300.0,1,50.0,1,450.0,1,74.0,1
James Watson,James,Watson,NC,yes,18527.0,3,124.83555555555358,3,9263.0,3,62.91777777777679,3,13896.0,3,44.37666666666519,3
Ebenezer White,Ebenezer,White,CT,yes,104.0,1,56.0,1,52.0,1,28.0,1,78.0,1,42.0,1
Alexander White,Alexander,White,VA,yes,763.0,1,16.0,1,0.0,0,0.0,0,572.0,1,36.0,1
William White,William,White,VA,no,861.0,1,48.0,1,430.0,1,75.0,1,646.0,1,12.0,1
Daniel Whitney,Daniel,Whitney,MA,yes,67.0,1,16.0,1,33.0,1,58.0,1,50.0,1,37.0,1
Bradford William,Bradford,William,RI,yes,712.0,1,64.0,1,356.0,1,32.0,1,534.0,1,48.0,1
James Williams,James,Williams,MA,no,104810.0,12,404.0,12,46520.0,8,540.0,8,78606.0,12,714.0,12
Thomas Williams,Thomas,Williams,NC,no,942.0,2,1869.57,2,501.0,2,984.78,2,722.0,2,1378.17,2
Thomas P. Williams,Thomas P.,Williams,NC,yes,942.0,2,1869.57,2,501.0,2,984.78,2,722.0,2,1378.17,2
William Williams,William,Williams,CT,yes,1108.0,1,9.0,1,554.0,1,4.0,1,831.0,1,7.0,1
John Williams,John,Williams,NY,no,230.0,2,32.0,2,269.0,3,168.0,3,472.0,3,121.0,3
John Williams,John,Williams,VA,yes,230.0,2,32.0,2,269.0,3,168.0,3,472.0,3,121.0,3
Robert Williams,Robert,Williams,VA,no,2131.0,1,0.4699999999997999,1,1065.0,1,0.7300000000000182,1,1598.0,1,0.599999999999909,1
William Williams,William,Williams,NC,yes,1108.0,1,9.0,1,554.0,1,4.0,1,831.0,1,7.0,1
Edward Williams,Edward,Williams,NC,yes,157.0,1,54.0,1,78.0,1,77.0,1,118.0,1,15.0,1
Hugh Williamson,Hugh,Williamson,NC,yes,61.0,1,1086.6,1,61.0,1,543.3,1,61.0,1,814.94,1
Hugh Williamson,Hugh,Williamson,Constitution,yes,61.0,1,1086.6,1,61.0,1,543.3,1,61.0,1,814.94,1
William Wilson,William,Wilson,SC,yes,2525.0,1,43.0,1,1262.0,1,71.0,1,1894.0,1,7.0,1
David Wilson,David,Wilson,NC,yes,132.0,1,37.0,1,0.0,0,0.0,0,99.0,1,28.0,1
John Wilson,John,Wilson,VA,no,1625.0,1,77.0,1,812.0,1,89.0,1,1219.0,1,33.0,1
John Wilson,John,Wilson,VA,yes,1625.0,1,77.0,1,812.0,1,89.0,1,1219.0,1,33.0,1
William Wilson,William,Wilson,PA,yes,2525.0,1,43.0,1,1262.0,1,71.0,1,1894.0,1,7.0,1
Oliver Wolcott,Oliver,Wolcott,CT,yes,116.0,1,4.0,1,58.0,1,2.0,1,87.0,1,3.0,1
Joseph Wood,Joseph,Wood,MA,no,104.0,1,47.0,1,52.0,1,23.0,1,0.0,0,0.0,0
John Wood,John,Wood,NY,no,160.0,1,27.0,1,80.0,1,13.0,1,120.0,1,19.0,1
Joseph Wood,Joseph,Wood,MA,yes,104.0,1,47.0,1,52.0,1,23.0,1,0.0,0,0.0,0
Archibald Woods,Archibald,Woods,VA,yes,231.0,1,3.0,1,115.0,1,51.0,1,0.0,0,0.0,0
George Wythe,George,Wythe,Constitution,no,760.0,1,19.0,1,380.0,1,10.0,1,570.0,1,14.0,1
George Wythe,George,Wythe,VA,yes,760.0,1,19.0,1,380.0,1,10.0,1,570.0,1,14.0,1
