,first name,last name,state,sign?,sign,last name 2,full name 1,full name 2
0,William Samuel,Johnson,Connecticut, yes,yes,,William Samuel Johnson,
1,Roger,Sherman,Connecticut, yes,yes,,Roger Sherman,
2,Oliver,Ellsworth,Connecticut,no,no,Elsworth,Oliver Ellsworth,Oliver Elsworth
3,George,Read,Delaware, yes,yes,,George Read,
4,Gunning,Bedford Jr.,Delaware, yes,yes,,Gunning Bedford Jr.,
5,John,Dickinson,Delaware, yes,yes,,John Dickinson,
6,Richard,Bassett,Delaware, yes,yes,,Richard Bassett,
7,Jacob,Broom,Delaware, yes,yes,,Jacob Broom,
8,William,Few,Georgia, yes,yes,,William Few,
9,Abraham,Baldwin,Georgia, yes,yes,,Abraham Baldwin,
10,William,Houstoun,Georgia, no,no,,William Houstoun,
11,William L.,Pierce,Georgia, no,no,,William L. Pierce,
12,James,McHenry,Maryland, yes,yes,,James McHenry,
13,Daniel of St. Thomas,Jenifer,Maryland, yes,yes,,Daniel of St. Thomas Jenifer,
14,Daniel,Carroll,Maryland, yes,yes,,Daniel Carroll,
15,Luther,Martin,Maryland, no,no,,Luther Martin,
16,John F.,Mercer,Maryland, no,no,,John F. Mercer,
17,Nathaniel,Gorham,Massachusetts, yes,yes,,Nathaniel Gorham,
18,Rufus,King,Massachusetts, yes,yes,,Rufus King,
19,Elbridge,Gerry,Massachusetts, no,no,,Elbridge Gerry,
20,Caleb,Strong,Massachusetts, no,no,,Caleb Strong,
21,John,Langdon,New Hampshire, yes,yes,,John Langdon,
22,Nicholas,Gilman,New Hampshire, yes,yes,,Nicholas Gilman,
23,William,Livingston,New Jersey, yes,yes,,William Livingston,
24,David,Brearly,New Jersey, yes,yes,Brearley,David Brearly,David Brearley
25,William,Paterson,New Jersey, yes,yes,Patterson,William Paterson,William Patterson
26,Jonathan,Dayton,New Jersey, yes,yes,,Jonathan Dayton,
27,William C.,Houston,New Jersey, no,no,,William C. Houston,
28,Alexander,Hamilton,New York, yes,yes,,Alexander Hamilton,
29,John,Lansing Jr.,New York, no,no,,John Lansing Jr.,
30,Robert,Yates,New York, no,no,,Robert Yates,
31,William,Blount,North Carolina, yes,yes,,William Blount,
32,Richard Dobbs,Spaight,North Carolina, yes,yes,,Richard Dobbs Spaight,
33,Hugh,Williamson,North Carolina, yes,yes,,Hugh Williamson,
34,William R.,Davie,North Carolina, no,no,,William R. Davie,
35,Alexander,Martin,North Carolina, no,no,,Alexander Martin,
36,Benjamin,Franklin,Pennsylvania, yes,yes,,Benjamin Franklin,
37,Thomas,Mifflin,Pennsylvania, yes,yes,,Thomas Mifflin,
38,Robert,Morris,Pennsylvania, yes,yes,,Robert Morris,
39,George,Clymer,Pennsylvania, yes,yes,,George Clymer,
40,Thomas,Fitzsimons,Pennsylvania, yes,yes,FitzSimons; Fitzsimmons,Thomas Fitzsimons,Thomas FitzSimons; Fitzsimmons
41,Jared,Ingersoll,Pennsylvania, yes,yes,,Jared Ingersoll,
42,James,Wilson,Pennsylvania, yes,yes,,James Wilson,
43,Gouverneur,Morris,Pennsylvania, yes,yes,,Gouverneur Morris,
44,John,Rutledge,South Carolina, yes,yes,,John Rutledge,
45,Charles,Cotesworth Pinckney,South Carolina, yes,yes,,Charles Cotesworth Pinckney,
46,Charles,Pinckney,South Carolina, yes,yes,,Charles Pinckney,
47,Pierce,Butler,South Carolina, yes,yes,,Pierce Butler,
48,John,Blair,Virginia, yes,yes,,John Blair,
49,James,Madison Jr.,Virginia, yes,yes,,James Madison Jr.,
50,George,Washington,Virginia, yes,yes,,George Washington,
51,George,Mason,Virginia, no,no,,George Mason,
52,James,McClurg,Virginia, no,no,,James McClurg,
53,Edmund J.,Randolph,Virginia, no,no,,Edmund J. Randolph,
54,George,Wythe,Virginia, no,no,,George Wythe,
